1024_0.mps.gz,3.0
1024_1.mps.gz,2.9999999999999996
1024_2.mps.gz,3.0
1024_3.mps.gz,3.0
1024_4.mps.gz,3.000000000000001
1024_5.mps.gz,3.0
1024_6.mps.gz,3.0
1024_7.mps.gz,2.9999999999999996
1024_8.mps.gz,3.0
1024_9.mps.gz,3.0
1024.mps.gz,3.0
10teams.mps.gz,917.0000000000001
116_205_1262_66.mps.gz,175.99999999999986
121_147_1345_33.mps.gz,119.99999999999952
121_147_1345_33_pp.mps.gz,120.00000000000014
23844-T1_0.mps.gz,376993.3333333333
256_0.mps.gz,2.9999999999999996
256_1.mps.gz,3.0
256_2.mps.gz,3.0
256_3.mps.gz,3.0
256_4.mps.gz,3.0
256_5.mps.gz,3.0
256_6.mps.gz,3.0
256_7.mps.gz,3.0
256_8.mps.gz,3.0
256_9.mps.gz,3.0
256.mps.gz,3.0
30n20b8.mps.gz,1.5664076455877114
3TS1.mps.gz,-512.0
50v-10.mps.gz,2879.0656868536717
512_0.mps.gz,3.0
512_1.mps.gz,3.0
512_2.mps.gz,2.9999999999999996
512_3.mps.gz,3.0000000000000004
512_4.mps.gz,3.0
512_5.mps.gz,3.0000000000000004
512_6.mps.gz,2.999999999999999
512_7.mps.gz,3.0
512_8.mps.gz,3.0
512_9.mps.gz,3.0
512.mps.gz,3.0
a05100.mps.gz,1697.7272727272727
a10100.mps.gz,1358.556923076923
a10200.mps.gz,2623.0
a1c1s1.mps.gz,997.529583333334
A-1.mps.gz,3100022.0
a20200.mps.gz,2337.327333333333
A-2.mps.gz,5600038.0
A-4-cuts.mps.gz,43.89357640250239
A-5.mps.gz,105.06104855621797
acc-tight5.mps.gz,0.0
aflow30a.mps.gz,983.1674252633646
aflow40b.mps.gz,1005.6648165120565
air03.mps.gz,338864.25
air04.mps.gz,55535.436388224254
air05.mps.gz,25877.609267851403
AllColor10.mps.gz,6.0
app1-2.mps.gz,-264.60165055174116
ash608gpia-3col.mps.gz,2.0
atlanta-ip.mps.gz,81.24319903162805
atm20-100.mps.gz,2141734.684877532
attfInst1.mps.gz,189.0
attfInst2.mps.gz,333.00000000000006
attfInst3.mps.gz,414.0000000000002
attfInst4.mps.gz,643.0000000000001
attfInst5.mps.gz,755.9999999999994
attfInst6.mps.gz,738.0000000000005
attfInst7.mps.gz,998.9999999999976
attfInstA.mps.gz,190.0
attfInstB.mps.gz,337.00000000000006
attfInstC.mps.gz,405.0
attfInstD.mps.gz,635.5000000000006
attfInstE.mps.gz,767.5000000000001
attfInstF.mps.gz,754.0000000000007
attfInstG.mps.gz,1023.0000000000002
australia_ABS_L1-CTA.mps.gz,0.0
b2c1s1.mps.gz,4034.2183333333346
bab1.mps.gz,-286923.8242229999
bab3.mps.gz,-733091.1804432148
bab5.mps.gz,-124657.641413225
beasleyC3.mps.gz,40.42682926829263
bell3a.mps.gz,862578.6434916485
bell5.mps.gz,8608417.946508028
berlin_5_8_0.mps.gz,52.0
bg512142.mps.gz,144364.07381524888
biella1.mps.gz,3060037.4307631077
bienst2.mps.gz,11.724137931034484
binkar10_1.mps.gz,6637.188026943753
bl15_t.mps.gz,32220.0
blend2.mps.gz,6.915675114009085
bley_xl1.mps.gz,154.3902
blp-ic97.mps.gz,3846.358667053333
BMOIPR2.mps.gz,-46628940.71114076
bnatt350.mps.gz,0.0
bnatt400.mps.gz,0.0
br1.mps.gz,54.9
br2.mps.gz,64.80000000000001
br3.mps.gz,102.6
br4.mps.gz,625.0000000000001
br5.mps.gz,380.90000000000015
BrazilInstance2.mps.gz,3.9999999999987708
bs24_t.mps.gz,47988.66666666667
buildingenergy.mps.gz,33246.21505889845
bupa.sc.mps.gz,26.81149211081545
c05100.mps.gz,1923.9750262881178
c10100.mps.gz,1387.0097106207754
c10400.mps.gz,5591.103878905595
c10.mps.gz,3551.0
c11.mps.gz,1640.0
c13.mps.gz,1862.0
c1.mps.gz,0.0
c201600.mps.gz,18798.565029878286
c20400.mps.gz,4774.150442476892
c29.mps.gz,339898.0
c2.mps.gz,0.0
c30.mps.gz,26.0
c32.mps.gz,20.0
c34.mps.gz,26.0
c35.mps.gz,17.0
c3.mps.gz,329.0
c4.mps.gz,528.0
c60900.mps.gz,9315.038004427195
c6.mps.gz,253.0
c7.mps.gz,242.0
cap6000.mps.gz,-2451537.3250240455
cargo_07.mps.gz,0.0
cbs_L1-CTA.mps.gz,0.0
cdc7-4-3-2.mps.gz,-381.0000000000004
cdma.mps.gz,-6.382890198082088e+16
circ10-3.mps.gz,140.0
cl_06_020_01.mps.gz,179.03333333333342
cl_06_020_03.mps.gz,184.12333333333336
cl_06_020_09.mps.gz,175.89666666666656
cl_08_020_01.mps.gz,484.0151515151517
cl_08_020_02.mps.gz,486.5
cl_08_020_03.mps.gz,441.47333333333313
cl_08_020_04.mps.gz,444.89417989418024
cl_08_020_06.mps.gz,474.56521739130443
cl_08_020_07.mps.gz,338.7129629629629
cl_08_020_09.mps.gz,444.4360465116279
cl_08_020_10.mps.gz,310.6200000000001
co-100.mps.gz,917102.2144266693
comp01_2idx.mps.gz,3.9999999999999996
comp02_2idx.mps.gz,0.0
comp02_3idx.mps.gz,0.0
comp03_2idx.mps.gz,0.0
comp04_2idx.mps.gz,0.0
comp04_3idx.mps.gz,0.0
comp05_2idx.mps.gz,0.0
comp06_2idx.mps.gz,6.0
comp06_3idx.mps.gz,6.0
comp07_2idx.mps.gz,0.0
comp07_3idx.mps.gz,0.0
comp08_2idx.mps.gz,0.0
comp08_3idx.mps.gz,0.0
comp09_2idx.mps.gz,0.0
comp09_3idx.mps.gz,0.0
comp10_2idx.mps.gz,0.0
comp10_3idx.mps.gz,0.0
comp11_2idx.mps.gz,0.0
comp12_2idx.mps.gz,2.2857142857142856
comp12_3idx.mps.gz,3.0
comp13_2idx.mps.gz,0.0
comp13_3idx.mps.gz,0.0
comp14_2idx.mps.gz,0.0
comp14_3idx.mps.gz,0.0
comp16_2idx.mps.gz,4.0
comp16_3idx.mps.gz,4.000000000000001
comp17_2idx.mps.gz,10.0
comp17_3idx.mps.gz,10.0
comp18_2idx.mps.gz,0.0
comp19_2idx.mps.gz,4.5
comp20_3idx.mps.gz,0.0
comp21_2idx.mps.gz,0.0
comp21_3idx.mps.gz,0.0
compact_abz5.mps.gz,859.0
compact_abz8.mps.gz,443.0
compact_la07.mps.gz,376.0
core2536-691.mps.gz,688.4760340423489
core4872-1529.mps.gz,1509.7185610538068
cov1075.mps.gz,17.142857142857146
csched010.mps.gz,332.42272727272734
d05100.mps.gz,6345.412611885934
d10100.mps.gz,6323.4560434453115
d10200.mps.gz,12425.583005451836
d20200.mps.gz,12217.693424301257
d801600.mps.gz,97033.99999999999
da_BPWC_3_8_4.mps.gz,76.5673
da_BPWC_3_8_4_pp.mps.gz,76.56729999999769
dale_L1-CTA.mps.gz,0.0
dano3mip.mps.gz,576.2316202915863
danoint.mps.gz,62.637280418450786
datt256.mps.gz,256.0000000000074
dc1c.mps.gz,1754946.8636381594
dc1l.mps.gz,1744591.6929417707
dcmst_v20a50d4.mps.gz,288.0534099616859
dcmulti.mps.gz,183975.53969317526
dfn-gwin-UUM.mps.gz,27467.257234726694
dg012142.mps.gz,757818.4801144676
disctom.mps.gz,-5000.000000000002
dolom1.mps.gz,6556066.06831531
draw-gemcutter.mps.gz,1340.0
draw-product.mps.gz,4217.0
ds-big.mps.gz,86.82006842044397
dsbmip.mps.gz,-305.19817500948074
ds.mps.gz,57.234565259439286
DWS010_02.mps.gz,976.9499999999999
DWS010_03.mps.gz,976.9500000000003
DWS012_02.mps.gz,1469.6000000000004
DWS012_03.mps.gz,1469.6000000000004
e10400.mps.gz,45739.207222222205
e20100.mps.gz,8359.582040205076
e201600.mps.gz,180640.29180045353
e20200.mps.gz,22355.93384940954
e401600.mps.gz,178282.61930675918
e40400.mps.gz,44523.42860497672
egout.mps.gz,149.58876622009566
eil33-2.mps.gz,811.2789961228071
eil33.2.mps.gz,811.2789961228073
eilA101-2.mps.gz,803.3738883297597
eilA101.2.mps.gz,803.3738883297597
eilA76.mps.gz,828.7084130540892
eilB101.2.mps.gz,1066.5866355547707
eilB101.mps.gz,1075.247690778442
eilB76.mps.gz,1021.1851707445119
eilC76.2.mps.gz,725.7544578514297
eilC76.mps.gz,732.0147501303699
eilD76.2.mps.gz,672.5465467573284
eilD76.mps.gz,680.5389965303524
ej.mps.gz,1.0
enigma.mps.gz,0.0
enlight13.mps.gz,0.0
enlight14.mps.gz,0.0
ensemble1.mps.gz,-2677.0066006600655
erd_FMAS12_1st_phase.mps.gz,26953.0
etDecsiDeenpDeeltEa.mps.gz,0.0
etDecsiDeenpDeelt.mps.gz,0.5
etDecsiDeenp.mps.gz,0.0
etDecsi.mps.gz,1.25
eva1Aprime_6x6opt_cte_frame.mps.gz,-495.49242973392825
ex1010-pi.mps.gz,220.6700870448365
ex9.mps.gz,80.99999999999999
f2000.mps.gz,1330.9999999999975
fast0507.mps.gz,172.14556667654887
fhnw-schedule-paira-400.mps.gz,-146.9410786111565
fhnw-schedule-pairb-200.mps.gz,-73.8264792090405
fhnw-schedule-slot-200.mps.gz,-73.8264792090405
fiber.mps.gz,156082.5175925926
fixnet6.mps.gz,1200.884
flugpl.mps.gz,1167185.7255923203
Forum-13752f14-5c08-4215-9402-1fe9ccce0cb3.mps.gz,72.66411619588513
Forum-21b6b8af-1736-4383-aa06-634a568ed3f5.mps.gz,1.462340737399805
Forum-de38545b-6e5e-4e1e-81e7-c316f0fbb359.mps.gz,22536.483378767967
Forum-e7dc26bf-753c-4e8e-a07b-63d9a200bc58.mps.gz,-76799.99999999997
ft20.mps.gz,709.0903658675173
g200x740i.mps.gz,2292.465000000001
g.31.8.mps.gz,-27.0
gen_ip_003.mps.gz,-2617.390732677057
gen_ip_004.mps.gz,15560.303483073623
gen_ip_005.mps.gz,-8154.836920304866
gen_ip_010.mps.gz,-8790.700754801861
gen_ip_014.mps.gz,9153.930092078042
gen_ip_017.mps.gz,3698.118462984541
gen_ip_018.mps.gz,3828.4067022922045
gen_ip_023.mps.gz,-6684.0117994654875
gen_ip_024.mps.gz,-8801.481745889316
gen_ip_025.mps.gz,-691.0942856840405
gen_ip_026.mps.gz,-22183.636163396615
gen_ip_027.mps.gz,-4338.606963602783
gen_ip_028.mps.gz,-15586.545705640205
gen_ip_029.mps.gz,-2963.6353718339774
gen_ip_031.mps.gz,-3853.7694434557384
gen_ip_032.mps.gz,2213.6620271493407
gen_ip_034.mps.gz,-33249.75691978972
gen_ip_035.mps.gz,-9091.735513807036
gen_ip_037.mps.gz,-760.1174661477463
gen_ip_038.mps.gz,-8862.40393395416
gen_ip_039.mps.gz,2849.4123638986225
gen_ip_040.mps.gz,2317.9135429676257
gen_ip_041.mps.gz,8632.789490293586
gen_ip_042.mps.gz,-10212.62414830849
gen_ip_046.mps.gz,8295.854463356625
gen_ip_048.mps.gz,-5250.569320001131
gen_ip_049.mps.gz,-53634.13365155779
gen_ip_050.mps.gz,-5280.8518341124345
gen_ip_051.mps.gz,2900.7728673016754
gen_ip_052.mps.gz,-2960.9376457649187
gen_ip_054.mps.gz,6765.209042644034
gen_ip_056.mps.gz,5257.397105048657
gen_ip_058.mps.gz,-6605.220638380949
gen_ip_059.mps.gz,5310.650686167353
gen_ip_062.mps.gz,-10526.263089095593
gen_ip_065.mps.gz,3414.495508451153
gen_ip_066.mps.gz,-2332.006389587271
gen_ip_068.mps.gz,-5559.429150371546
gen_ip_071.mps.gz,2218.337478908916
gen_ip_072.mps.gz,3021.9840408787945
gen_ip_076.mps.gz,-6023.494884167268
gen_ip_077.mps.gz,-5931.32331817741
gen_ip_080.mps.gz,844.0436754144787
gen_ip_081.mps.gz,812.984965313456
gen.mps.gz,112130.04066386049
ger50_17_trans.mps.gz,6850.6286233693745
germanrr.mps.gz,45980135.416398816
germany50-DBM.mps.gz,438028.0
gesa2.mps.gz,25476489.678122617
gesa2-o.mps.gz,25476489.678122617
gesa3.mps.gz,27833632.450665344
gesa3_o.mps.gz,27833632.45066534
glass4.mps.gz,800002400.0
glass.sc.mps.gz,14.080295856534109
gmu-35-40.mps.gz,-2406943.5563428816
gmut-75-50.mps.gz,-14182312.661731316
gmut-77-40.mps.gz,-14173396.636852438
go19.mps.gz,76.53022243896669
grafo_0_1st_phase.mps.gz,16216.0
graph_20_80_1.rand.mps.gz,-117.0
graph_40_20_1.rand.mps.gz,-157.0
gt2.mps.gz,13460.233074411897
hanoi5.mps.gz,1467.0
harp2.mps.gz,-74353341.50229962
ibarra.mps.gz,390.61153877067596
ic97_potential.mps.gz,3868.0
iis-100-0-cov.mps.gz,16.66666666666666
iis-bupa-cov.mps.gz,26.497216877543114
iis-pima-cov.mps.gz,26.620389389112816
irp.mps.gz,12123.530222333333
ivu06-big.mps.gz,135.4277182372233
ivu52.mps.gz,480.2504384550235
j12016_10_cuts.mps.gz,47.95903292361584
j12016_10.mps.gz,42.21633632129692
j12048_7.mps.gz,0.0
j12052_10.mps.gz,11.342798965357076
j3014_5.mps.gz,0.0
j3041_1.mps.gz,0.12389597644749983
j3047_2.mps.gz,0.0
j3050_8.mps.gz,0.0
j6029_7.mps.gz,13.765018616552382
j9025_10.mps.gz,0.0
j9025_6.mps.gz,15.811860282466938
j905_8.mps.gz,1.3884890505946572
janos-us-DDM.mps.gz,1488134.75
keller4cpart.mps.gz,7.333333333333333
keller4cpartpp.mps.gz,14.738115169084912
khb05250.mps.gz,95919464.0
l152lav.mps.gz,4656.363636363635
layer2.mps.gz,-22580999.99982749
layer3.mps.gz,-3724539998.602797
layer4.mps.gz,-3455673656.974293
layer.mps.gz,-22580999.99999999
lectsched-1-obj.mps.gz,0.0
lectsched-4-obj.mps.gz,0.0
leo2.mps.gz,386421293.2089189
liu.mps.gz,346.0
long01_j.mps.gz,181.00000000000003
long02_j.mps.gz,191.5
long03_j.mps.gz,223.5
long04_j.mps.gz,287.16666666666663
long05_j.mps.gz,268.1666666666667
long_hidden01_j.mps.gz,140.0
long_hidden01.mps.gz,140.0
long_hidden02_j.mps.gz,41.50000000000006
long_hidden03_j.mps.gz,8.000000000000002
long_hidden04_j.mps.gz,11.999999999999998
long_hidden05_j.mps.gz,9.999999999999998
long_hint01_j.mps.gz,18.0
long_hint02_j.mps.gz,9.000000000000002
long_hint03_j.mps.gz,36.0
long_late01_j.mps.gz,87.99999999999997
long_late02_j.mps.gz,88.0
long_late03_j.mps.gz,71.99999999999996
long_late04_j.mps.gz,72.00000000000003
long_late04.mps.gz,72.0
long_late05_j.mps.gz,72.00000000000011
lotsize.mps.gz,348385.3465507298
LpPackingModel1_Dim10.mps.gz,-144280542.55599114
LpPackingModel1_Dim15.mps.gz,-172175549.6440311
LpPackingModel2_Dim10.mps.gz,-93676613.99999058
LpPackingModel2_Dim15.mps.gz,-114052462.32075061
LpPackingModel3_Dim10.mps.gz,-93676613.99999058
LpPackingModel3_Dim15.mps.gz,-114052462.32075061
LpPackingModel4_Dim10.mps.gz,-93676953.47010002
LpPackingModel4_Dim15.mps.gz,-114052801.79086004
LpPackingModel5_Dim10.mps.gz,-61575244.72485621
LpPackingModel5_Dim15.mps.gz,-66030132.70000622
LR1_DR02_VC03_V7a_t360.mps.gz,116837.83031983109
LR1_DR02_VC03_V8a_t360.mps.gz,138377.23984986363
LR1_DR02_VC04_V8a_t360.mps.gz,137202.60306617653
LR1_DR02_VC05_V8a_t360.mps.gz,120706.32647450139
LR1_DR03_VC03_V10b_t360.mps.gz,174469.00817992206
LR1_DR03_VC03_V13b_t360.mps.gz,214088.04908121267
LR1_DR03_VC03_V16a_t360.mps.gz,266275.01193801354
LR1_DR04_VC03_V15a_t180.mps.gz,115513.81384622643
LR1_DR04_VC03_V15a_t360.mps.gz,247910.60225933432
LR1_DR04_VC03_V15b_t180.mps.gz,131232.91730171817
LR1_DR04_VC03_V15b_t360.mps.gz,255385.2273374148
LR1_DR04_VC05_V17a_t120.mps.gz,70855.86980714819
LR1_DR04_VC05_V17a_t180.mps.gz,114830.54757088909
LR1_DR04_VC05_V17a_t360.mps.gz,247111.69248040044
LR1_DR04_VC05_V17b_t120.mps.gz,83488.40684665099
LR1_DR04_VC05_V17b_t180.mps.gz,123284.25099961486
LR1_DR04_VC05_V17b_t360.mps.gz,249064.61217446992
LR1_DR05_VC05_V25a_t120.mps.gz,102105.81577099176
LR1_DR05_VC05_V25a_t180.mps.gz,167075.06187915718
LR1_DR05_VC05_V25a_t360.mps.gz,362308.66043577786
LR1_DR05_VC05_V25b_t120.mps.gz,114508.3882585356
LR1_DR05_VC05_V25b_t180.mps.gz,177331.4702711942
LR1_DR05_VC05_V25b_t360.mps.gz,369255.10719557776
LR1_DR08_VC05_V38a_t120.mps.gz,157468.2867169652
LR1_DR08_VC05_V38a_t180.mps.gz,257828.95417192872
LR1_DR08_VC05_V40a_t120.mps.gz,169471.36042718578
LR1_DR08_VC05_V40a_t180.mps.gz,281887.2556859263
LR1_DR08_VC05_V40b_t120.mps.gz,186903.73298526614
LR1_DR08_VC05_V40b_t180.mps.gz,292204.10497840936
LR1_DR08_VC10_V40a_t120.mps.gz,179157.3759591798
LR1_DR08_VC10_V40b_t120.mps.gz,194374.72200756826
LR1_DR12_VC05_V70a_t120.mps.gz,266165.8357180438
LR1_DR12_VC05_V70a_t180.mps.gz,441318.5087893759
LR1_DR12_VC05_V70b_t120.mps.gz,292175.71459174197
LR1_DR12_VC05_V70b_t180.mps.gz,459254.79141773883
LR2_11_DR2_33_VC4_V11a_t60.mps.gz,-47107.095440711455
LR2_11_DR2_33_VC5_V12a_t60.mps.gz,-56575.92593075524
LR2_22_DR3_333_VC4_V14a_t45.mps.gz,-49107.3980456562
LR2_22_DR3_333_VC4_V14a_t60.mps.gz,-63405.51500659009
LR2_22_DR3_333_VC4_V17a_t45.mps.gz,-55615.6653176641
LR2_22_DR3_333_VC4_V17a_t60.mps.gz,-72838.35190211912
lrsa120.mps.gz,28.999999999999634
lseu.mps.gz,834.6823529411765
m100n500k4r1.mps.gz,-25.000000000000004
macrophage.mps.gz,0.0
mad.mps.gz,0.0
mainerd_1st_phase.mps.gz,30496.0
manna81.mps.gz,-13297.0
map18.mps.gz,-932.7826847474055
map20.mps.gz,-998.8364186513645
markshare1.mps.gz,0.0
markshare2.mps.gz,0.0
mas74.mps.gz,10482.795280331206
mas76.mps.gz,38893.90364052266
maxgasflow.mps.gz,-70929535.89999992
mcsched.mps.gz,193774.753706623
medium01_j.mps.gz,240.0
medium02_j.mps.gz,234.99999999999997
medium03_j.mps.gz,232.00000000000003
medium_hidden01_j.mps.gz,0.0
medium_hidden02_j.mps.gz,110.99999999999997
medium_hidden03_j.mps.gz,0.0
medium_hidden04_j.mps.gz,31.000000000000007
medium_hidden05.mps.gz,56.0
medium_hint01_j.mps.gz,9.46848484848485
medium_hint02_j.mps.gz,24.000000000000025
medium_hint03_j.mps.gz,33.46848484848485
medium_late01_j.mps.gz,62.20077030812325
medium_late02_j.mps.gz,6.000000000000019
medium_late03_j.mps.gz,9.4083295194508
medium_late03.mps.gz,9.408329519450803
medium_late04_j.mps.gz,5.686363636363635
methanosarcina.mps.gz,0.0
mik-250-1-100-1.mps.gz,-79842.42363461945
mine-166-5.mps.gz,-821763677.673139
mine-90-10.mps.gz,-887165318.5102262
mining.mps.gz,-949724584.6968527
minuteddispatchstrategy.mps.gz,1897.140518650424
misc03.mps.gz,1910.0
misc06.mps.gz,12841.689392276885
misc07.mps.gz,1415.0
mitre.mps.gz,114740.51848146178
mkc.mps.gz,-611.8500000000001
mod008.mps.gz,290.9310727149688
mod010.mps.gz,6532.083333333331
mod011.mps.gz,-62121982.55190485
modglob.mps.gz,20430947.618853647
momentum1.mps.gz,72793.34525453381
momentum3.mps.gz,91952.39222571415
monks-2.test.sc.mps.gz,59.60336022898425
monks-2.train.sc.mps.gz,31.992090046568787
msc98-ip.mps.gz,19520966.15166374
mzzv11.mps.gz,-22945.239631336404
mzzv42z.mps.gz,-21622.99848124286
n030w4-0.mps.gz,610.0000000000001
n030w4-1.mps.gz,334.99999999999994
n030w4-2.mps.gz,926.6666666666666
n030w4-3.mps.gz,797.5
n050w4-0.mps.gz,669.9999999999999
n050w4-1.mps.gz,350.8333333333333
n050w4-3.mps.gz,422.7380952380952
n080w8-1.mps.gz,1008.75
n080w8-7.mps.gz,2219.4891304347825
n15-3.mps.gz,23703.941176470587
n3-3.mps.gz,7465.294117647066
n3700.mps.gz,972305.7480428333
n3705.mps.gz,973361.017011933
n370a.mps.gz,979219.5448132983
n3div36.mps.gz,114333.37474120082
n3seq24.mps.gz,52000.0
n4-3.mps.gz,4080.882352941178
n9-3.mps.gz,7889.705882352947
nag.mps.gz,465.0
nb10tb.mps.gz,12986061164.423578
neos-1096528.mps.gz,278.0
neos10.mps.gz,-1246.1649214659685
neos-1109824.mps.gz,278.0
neos-1120495.mps.gz,250.0
neos-1140050.mps.gz,5071593.6617100695
neos-1215891.mps.gz,-1256.9428571428582
neos-1223462.mps.gz,-751.000000012
neos-1224597.mps.gz,-427.99999999999994
neos-1281048.mps.gz,450.0
neos-1311124.mps.gz,-182.0
neos-1330346.mps.gz,4.500000000000001
neos-1337307.mps.gz,-203123.97385620946
neos-1354092.mps.gz,13.285714285714306
neos-1396125.mps.gz,388.5523997663063
neos13.mps.gz,-126.17837780937634
neos-1429212.mps.gz,30.00000000000001
neos-1437164.mps.gz,7.629705882352952
neos-1440225.mps.gz,36.000000000000014
neos-1441553.mps.gz,7.634803921568626
neos-1516309.mps.gz,33432.333333333336
neos-1595230.mps.gz,2.692307692307693
neos-1597104.mps.gz,-29.999999999999996
neos-1599274.mps.gz,31235.742857142857
neos-1601936.mps.gz,1.0
neos-1620770.mps.gz,1.0
neos-1620807.mps.gz,1.0
neos-1622252.mps.gz,1.0
neos16.mps.gz,429.0
neos18.mps.gz,7.0
neos1.mps.gz,5.600000000000002
neos-476283.mps.gz,406.2447077516553
neos-506428.mps.gz,145945.0
neos-538867.mps.gz,32.0
neos-538916.mps.gz,42.00000000000001
neos-544324.mps.gz,13.86284084211457
neos-547911.mps.gz,12.48603324233158
neos-555884.mps.gz,1026121.836055025
neos-555927.mps.gz,608345.7084502499
neos-565815.mps.gz,10.538461538461531
neos-611135.mps.gz,11580.000000000007
neos-631694.mps.gz,46.24999999999996
neos-631709.mps.gz,97.49999999999949
neos-631710.mps.gz,188.25000000000108
neos-631784.mps.gz,46.249999999999865
neos-632335.mps.gz,4651197830.053802
neos-633273.mps.gz,4678552871.152561
neos-655508.mps.gz,63015042.0
neos-662469.mps.gz,184340.6296491146
neos-686190.mps.gz,5134.813829787233
neos-709469.mps.gz,493.16000000000014
neos-777800.mps.gz,-80.00000000000001
neos-780889.mps.gz,3421500.0
neos-785899.mps.gz,97.00000000000013
neos-785914.mps.gz,37.999999999999986
neos-791021.mps.gz,10.666666666666666
neos-799838.mps.gz,1044000.0
neos-801834.mps.gz,47993.34467422727
neos-807456.mps.gz,279.99999999999983
neos-808214.mps.gz,0.0
neos-810286.mps.gz,2876.999999999999
neos-820879.mps.gz,24874.267857142873
neos-825075.mps.gz,-292.0
neos-849702.mps.gz,0.0
neos-859770.mps.gz,4500.000000000002
neos-860244.mps.gz,3000.0
neos8.mps.gz,-3773.507927187316
neos-905856.mps.gz,-7.999999999999998
neos-912015.mps.gz,-13.999999999999996
neos-912023.mps.gz,-17.0
neos-916792.mps.gz,26.203595813574314
neos-931538.mps.gz,985.0000000000005
neos-934278.mps.gz,259.5000000000004
neos-934531.mps.gz,2.00007
neos-937815.mps.gz,2837.0
neos-941313.mps.gz,9361.00000000001
neos-948268.mps.gz,60.0
neos-948346.mps.gz,-229.95
neos-950242.mps.gz,1.0
neos-952987.mps.gz,1327.3371397537678
neos-953928.mps.gz,-99.91999999997323
neos-954925.mps.gz,-237.82370370373994
neos-956971.mps.gz,-237.80444444432027
neos-957143.mps.gz,-237.76999999995004
neos-957270.mps.gz,0.5
neos-957323.mps.gz,-237.7579120551554
neos-957389.mps.gz,1.5
neos-960392.mps.gz,-237.99999999999974
neos-984165.mps.gz,2185.999999999964
net12.mps.gz,17.249479166666664
netdiversion.mps.gz,230.80000000000007
newdano.mps.gz,11.724137931034484
nj1.mps.gz,0.0
nj2.mps.gz,0.0
nj3.mps.gz,0.0
noswot.mps.gz,-42.99999999999999
nrc2rmn120w4_1_4-6-2-6.mps.gz,1991.5476190476186
nrperfan.mps.gz,159.30125661375658
ns1111636.mps.gz,96.25
ns1208400.mps.gz,0.0
ns1456591.mps.gz,361.93902163899986
ns1631475.mps.gz,817.1937479622813
ns1663818.mps.gz,0.9999999999999735
ns1688347.mps.gz,1.9999999999999964
ns1696083.mps.gz,2.0
ns1758913.mps.gz,-1501.1832555666665
ns1766074.mps.gz,5833.799999999998
ns1778858.mps.gz,-28931833.446612388
ns1830653.mps.gz,6153.000000000002
ns1853823.mps.gz,60182.88267617492
ns1854840.mps.gz,122000.00000000006
ns1856153.mps.gz,0.0
ns1904248.mps.gz,0.0
ns1905797.mps.gz,11.750980000000002
ns1905800.mps.gz,6.436600000000001
ns2124243.mps.gz,53998.33333333334
ns2137859.mps.gz,24629.00000000002
ns4-pr3.mps.gz,36073.0
ns4-pr9.mps.gz,35175.0
ns5149806.mps.gz,0.027693508673638758
ns894236.mps.gz,12.305229411438146
ns894786.mps.gz,6.080533274217489
ns903616.mps.gz,14.750146864133692
ns930473.mps.gz,0.0
nsr8k.mps.gz,17500809.51181466
nsrand-ipx.mps.gz,48880.00000000001
nu120-pr3.mps.gz,21306.442307692305
nu60-pr9.mps.gz,22850.0
nug08.mps.gz,203.5000000000021
nw04.mps.gz,16310.666666666668
opm2-z10-s2.mps.gz,-49308.278600631274
opm2-z11-s8.mps.gz,-62971.93039486135
opm2-z12-s14.mps.gz,-91524.54224025756
opm2-z12-s7.mps.gz,-90514.28584207958
opm2-z7-s2.mps.gz,-12879.686897087431
opt1217.mps.gz,-20.021390374331553
p0033.mps.gz,2520.5717391304347
p0201.mps.gz,6875.0
p0282.mps.gz,176867.50334911313
p0548.mps.gz,315.2549019607843
p100x588b.mps.gz,5554.011111111113
p2756.mps.gz,2688.75
p6b.mps.gz,-231.0
page-blocks.horzline.sc.mps.gz,29.206673708277798
page-blocks.pictures.sc.mps.gz,20.51286062357641
pb-simp-nonunif.mps.gz,6.0
pdistuchoa.mps.gz,-250.0
pg5_34.mps.gz,-16646.586017379595
pigeon-10.mps.gz,-10000.0
pigeon-12.mps.gz,-12000.0
pigeon-13.mps.gz,-13000.0
pigeon-19.mps.gz,-19000.0
pima.sc.mps.gz,27.774504100895864
pk1.mps.gz,0.0
planar150_s.mps.gz,565068.0
pp08aCUTS.mps.gz,5480.606156321966
pp08a.mps.gz,2748.345238095238
probportfolio.mps.gz,5.0
product_1st_phase.mps.gz,21042.0
protfold.mps.gz,-41.95744680851066
pw-myciel4.mps.gz,0.0
pythago_7824.mps.gz,0.0
pythago_7825.mps.gz,0.0
qap10.mps.gz,332.5662276536532
qiu.mps.gz,-931.6388510598532
qnet1.mps.gz,14274.102667094432
qnet1_o.mps.gz,12095.57166666667
queens-30.mps.gz,-70.9126890196035
R4L4-MIPLIB-0.2-MIP-tree-bounds-50.mps.gz,473009626.0
r80x800.mps.gz,3651.48
rail02.mps.gz,-206.6101999561111
rail03.mps.gz,-920.2737625219248
rail507.mps.gz,172.145566676549
ramos3.mps.gz,145.79999999999978
ran16x16.mps.gz,3116.4295124012065
rd-rplusc-21.mps.gz,100.0
reblock354.mps.gz,-39641692.45229167
reblock420.mps.gz,-886535897.5221374
reblock67.mps.gz,-39339910.92303653
rentacar.mps.gz,28806137.644260086
rgn.mps.gz,48.79999855999996
rmatr100-p10.mps.gz,360.59330751695734
rmatr100-p5.mps.gz,762.0400543502288
rmatr200-p10.mps.gz,1550.6207829825967
rmatr200-p20.mps.gz,688.3579433796325
rmatr200-p5.mps.gz,3283.653831263029
rmine10.mps.gz,-1926.8638195104731
rmine14.mps.gz,-4310.694703815842
rmine21.mps.gz,-10679.232567076366
rmine25.mps.gz,-15667.918862385257
rmine6.mps.gz,-462.30572737054695
rocII-7-11.mps.gz,-11.9640926262528
rocII-9-11.mps.gz,-11.972072042641067
rococoB10-011000.mps.gz,8350.199468479119
rococoC10-001000.mps.gz,7515.271029411764
rococoC11-011100.mps.gz,9024.20540557132
rococoC12-111000.mps.gz,27337.357380773818
roll3000.mps.gz,11097.127676855103
routing_0015.mps.gz,13509.381395348835
routing_0016.mps.gz,32230.36578947369
routing_0017.mps.gz,12318.279069767443
routing_0018.mps.gz,11352.777777777781
routing_0019.mps.gz,11871.576744186046
routing_0022.mps.gz,6499.505766062604
routing_0024.mps.gz,10606.02105263158
routing_0025.mps.gz,8451.392156862743
routing_0026.mps.gz,4696.46568627451
routing_0027.mps.gz,7083.116279069767
routing_GCM_0001.mps.gz,43540.02483069978
routing_GCM_0002.mps.gz,52976.78139534884
routing_GCM_0005.mps.gz,47605.19298578198
routing_GCM_0007.mps.gz,15923.0
routing_GCM_0008.mps.gz,99681.61904761907
routing_GCM_0009.mps.gz,16004.91162790698
routing_GCM_0013.mps.gz,24883.715639810427
routing_GCM_0014.mps.gz,12125.486772486773
routing_GCM_0015.mps.gz,13509.381395348832
routing_GCM_0016.mps.gz,32230.3657894737
routing_GCM_0017.mps.gz,12318.279069767445
routing_GCM_0018.mps.gz,11352.777777777781
routing_GCM_0019.mps.gz,11871.57674418604
routing_GCM_0021.mps.gz,5427.348837209306
routing_GCM_0022.mps.gz,6499.5057660626035
routing_GCM_0023.mps.gz,11116.441860465115
rout.mps.gz,981.8642857142859
rvb-sub.mps.gz,11.206514313652065
satellites1-25.mps.gz,-20.000000000000004
satellites2-60.mps.gz,-29.999999999999993
satellites3-40-fs.mps.gz,-39.00000000000016
satellites3-40.mps.gz,-39.000000000000036
sc2171.mps.gz,-998176.7613636364
scpj1.mps.gz,104.43986020781483
scpj2.mps.gz,105.13345433721774
scpj3.mps.gz,103.6678136435395
scpj4.mps.gz,104.08379570031127
scpj4_scip.mps.gz,104.08379570031127
scpj5.mps.gz,106.58971232844543
scpk1_core.mps.gz,267.04881553020954
scpk1.mps.gz,267.04881553020954
scpk2_core.mps.gz,281.8537046010207
scpk2.mps.gz,281.85370460102007
scpk3_core.mps.gz,278.9049395555988
scpk3.mps.gz,278.90493955559845
scpk4_core.mps.gz,280.5442001972565
scpk4.mps.gz,280.5442001972565
scpk5_core.mps.gz,274.99339471122255
scpk5.mps.gz,274.99339471122255
sct1.mps.gz,-218.13900312811472
sct32.mps.gz,-62.99083345849746
sct5.mps.gz,-228.17655206165148
set1ch.mps.gz,32007.729870234445
set3-10.mps.gz,788.8906548515857
set3-15.mps.gz,8364.040745331418
set3-20.mps.gz,10347.381086660793
set5.mps.gz,-162.00000000000006
seymour-disj-10.mps.gz,280.81781764208733
seymour.mps.gz,403.8464741251929
shiftreg_1_4.mps.gz,131.6560320000001
shiftreg_2_7.mps.gz,206.7330519999999
shipsched.mps.gz,0.0
shs1023.mps.gz,12121.358112734959
siena1.mps.gz,10163179.22900218
sing161.mps.gz,19071259.113926575
sing245.mps.gz,25024015.75408306
sing2.mps.gz,17150914.71693962
sing359.mps.gz,22534478.962497987
sp97ar.mps.gz,652560391.1059755
sp97ic.mps.gz,391836553.06339455
sp98ar.mps.gz,521033717.139929
sp98ic.mps.gz,444277568.93415165
sp98ir.mps.gz,216663444.5899359
splan1.mps.gz,-201899.2163663778
spree_1st_phase.mps.gz,21516.0
sprint01_j.mps.gz,52.416666666666664
sprint02_j.mps.gz,54.41666666666667
sprint07_j.mps.gz,54.0
sprint08_j.mps.gz,51.0
sprint09_j.mps.gz,53.0
sprint10_j.mps.gz,48.5
sprint_hidden01_j.mps.gz,19.409325396825395
sprint_hidden03_j.mps.gz,51.62558685446009
sprint_hidden04_j.mps.gz,42.8270332187858
sprint_hidden05_j.mps.gz,51.568181818181856
sprint_hidden06_j.mps.gz,100.92999999999998
sprint_hidden08_j.mps.gz,163.53817733990147
sprint_hidden10_j.mps.gz,283.9494047619047
sprint_hint01_j.mps.gz,65.09999999999998
sprint_hint03_j.mps.gz,33.11063218390805
sprint_late01_j.mps.gz,26.02962962962962
sprint_late02_j.mps.gz,33.749999999999986
stdc0025.mps.gz,-1743072.620581647
stdc1220.mps.gz,-1428198.5008826798
stdc3282.mps.gz,-3505224.7292291042
stdc6262p.mps.gz,-1394276.6015363552
stdcd5113.mps.gz,-642167961.6190474
stdnc2018.mps.gz,-863562.7662999989
stein45.mps.gz,22.0
stockholm.mps.gz,0.7556134150000002
stp3d.mps.gz,481.8777862050673
sts405.mps.gz,134.99999999999997
sts729.mps.gz,242.99999999999946
swath.mps.gz,334.49685810000005
System02_Example001.mps.gz,1301936.1710156251
System02_Example002.mps.gz,1314892.2830014033
T1_300_5000_0.mps.gz,264.8788146829258
t1717.mps.gz,134531.0214284176
t1722.mps.gz,98815.40761087406
T2_200_2000_0.mps.gz,1012.9090909090909
T2_300_1000_0.mps.gz,721.0
T2_300_5000_0.mps.gz,1740.4388839681135
ta-BPWC_5_4_10.mps.gz,20.000000000000007
ta-BPWC_5_7_3.mps.gz,20.0
tanglegram1.mps.gz,0.0
tanglegram2.mps.gz,0.0
terra1stphase.mps.gz,9426.0
thor50dday.mps.gz,4174.489795918368
timtab1.mps.gz,28693.999999999996
timtab2.mps.gz,83592.0
toll-like.mps.gz,0.0
tr12-30.mps.gz,14210.42652103263
transportmoment.mps.gz,-70929535815.38007
trd445c.mps.gz,-158420.57871552373
trdca23002.mps.gz,-29596.867367064915
trdcrooms.mps.gz,620425857.145031
trdHard5600-6.mps.gz,-24854.9373961929
trdHardCA4500-8.mps.gz,-13256.837907184732
trdnc18.mps.gz,-44197.59824833006
trdnc.mps.gz,-6679791.5
trdta0010.mps.gz,465793.0072140188
trdta5581.mps.gz,16021689.415341014
trdta8265.mps.gz,-187030.84417465224
trdta99.mps.gz,225364.88458666045
trdtatl9220.mps.gz,2647911.9700939013
trdtaunimep.mps.gz,1481830.2477746345
triptim1.mps.gz,22.868087500333786
triptim2.mps.gz,10.866358708590269
triptim3.mps.gz,13.51174147427082
tw-myciel4.mps.gz,3.838028169014084
uc-case11.mps.gz,611267.0130024812
uc-case3.mps.gz,7181.264177296405
uct-subprob.mps.gz,242.00000000000006
unitcal_7.mps.gz,19387553.38127113
unitcc.mps.gz,74033.14137540571
usAbbrv-8-25_70.mps.gz,95.0
v150_d30_2hopCDS.mps.gz,27.617490375272816
v150_d50_2hopCDS.mps.gz,5.244476087366095
van.mps.gz,1.723520131605585
vpm1.mps.gz,15.416666666666666
vpm2.mps.gz,9.889264597191428
vpphard2.mps.gz,0.0
vpphard.mps.gz,0.0
wnq-n100-mw99-14.mps.gz,185.26315789473685
xhstt-italyp.mps.gz,27.000000000003638
xhstt-spainp.mps.gz,300.2500000000187
xmas10_1.mps.gz,-548.9046842370641
xmas10.mps.gz,-548.9046842370636
yue20013.1.150.mps.gz,0.0
yue20023.1.150.mps.gz,0.0
zib54-UUE.mps.gz,3875862.862589286
robot_sch_plain_10_211_3926_0.1.mps.gz,126.9575119210344
robot_sch_plain_10_211_4288_0.05.mps.gz,76.58146617680951
robot_sch_plain_10_211_4682_0.01.mps.gz,75.34620162999823
robot_sch_plain_4_47_1580_0.1.mps.gz,36.31173047779048
robot_sch_plain_4_47_1642_0.05.mps.gz,36.31173047779049
robot_sch_plain_4_47_1673_0.01.mps.gz,36.31173047779048
robot_sch_plain_4_50_1019_0.01.mps.gz,44.206781177406256
robot_sch_plain_4_50_889_0.1.mps.gz,44.892921436748516
robot_sch_plain_4_50_999_0.05.mps.gz,44.209465527870556
robot_sch_syn_plain_10_250_7703_0.01#0.mps.gz,39.605900301220274
robot_sch_syn_plain_10_250_7703_0.05#0.mps.gz,39.605900301220274
robot_sch_syn_plain_10_250_7703_0.1#0.mps.gz,39.60597234097162
robot_sch_syn_plain_10_250_7703_0.2#0.mps.gz,39.608107563221736
robot_sch_syn_plain_10_250_7815_0.01#2.mps.gz,38.46303562864218
robot_sch_syn_plain_10_250_7815_0.05#2.mps.gz,38.46303562864218
robot_sch_syn_plain_10_250_7815_0.1#2.mps.gz,38.46303562864218
robot_sch_syn_plain_10_250_7815_0.2#2.mps.gz,38.46530083285666
robot_sch_syn_plain_10_250_8063_0.01#1.mps.gz,41.61366772413762
robot_sch_syn_plain_10_250_8063_0.05#1.mps.gz,41.61366772413762
robot_sch_syn_plain_10_250_8063_0.1#1.mps.gz,41.61366772413762
robot_sch_syn_plain_10_250_8063_0.2#1.mps.gz,41.61381928530715
robot_sch_syn_plain_20_500_29840_0.01#1.mps.gz,36.40107778983592
robot_sch_syn_plain_20_500_29840_0.05#1.mps.gz,36.40107778983592
robot_sch_syn_plain_20_500_29840_0.1#1.mps.gz,36.40166513044762
robot_sch_syn_plain_20_500_29840_0.2#1.mps.gz,36.40662761381191
robot_sch_syn_plain_20_500_30286_0.01#2.mps.gz,35.59677532253531
robot_sch_syn_plain_20_500_30286_0.05#2.mps.gz,35.59677532253531
robot_sch_syn_plain_20_500_30286_0.1#2.mps.gz,35.59705091689136
robot_sch_syn_plain_20_500_30286_0.2#2.mps.gz,35.60245774318895
robot_sch_syn_plain_20_500_30334_0.01#0.mps.gz,36.784518973962896
robot_sch_syn_plain_20_500_30334_0.05#0.mps.gz,36.784518973962896
robot_sch_syn_plain_20_500_30334_0.1#0.mps.gz,36.78453980802398
robot_sch_syn_plain_20_500_30334_0.2#0.mps.gz,36.78816301359084
robot_sch_syn_plain_4_100_1328_0.01#1.mps.gz,45.97992
robot_sch_syn_plain_4_100_1328_0.05#1.mps.gz,45.97992
robot_sch_syn_plain_4_100_1328_0.1#1.mps.gz,45.97992
robot_sch_syn_plain_4_100_1328_0.2#1.mps.gz,45.9799925
robot_sch_syn_plain_4_100_1605_0.01#0.mps.gz,40.61877299536961
robot_sch_syn_plain_4_100_1605_0.05#0.mps.gz,40.61877299536961
robot_sch_syn_plain_4_100_1605_0.1#0.mps.gz,40.619596911755885
robot_sch_syn_plain_4_100_1605_0.2#0.mps.gz,40.62115613709435
robot_sch_syn_plain_4_100_1615_0.01#2.mps.gz,46.54507075407502
robot_sch_syn_plain_4_100_1615_0.05#2.mps.gz,46.54507075407502
robot_sch_syn_plain_4_100_1615_0.1#2.mps.gz,46.54507075407502
robot_sch_syn_plain_4_100_1615_0.2#2.mps.gz,46.55131836840998
neos859080.mps.gz,1.0
blp-ic98.mps.gz,4331.168352598081
neos-5052403-cygnet.mps.gz,179.5003710065898
neos5.mps.gz,13.0
neos-1171737.mps.gz,-195.0
radiationm18-12-05.mps.gz,17554.5
neos-5195221-niemur.mps.gz,0.0
brazil3.mps.gz,1.9999999999998654
savsched1.mps.gz,217.40357142857133
supportcase22.mps.gz,0.0
neos-3216931-puriri.mps.gz,58817.35306581268
gmu-35-50.mps.gz,-2608070.315743008
assign1-5-8.mps.gz,183.36255497382194
neos-827175.mps.gz,112.00152000000003
neos-873061.mps.gz,5.527814560571078
neos-3754480-nidda.mps.gz,-1216923.270104403
opm2-z10-s4.mps.gz,-46921.507840398575
nursesched-sprint02.mps.gz,54.416666666666664
cvs16r128-89.mps.gz,-127.99999999999855
decomp2.mps.gz,-160.0
neos-933966.mps.gz,317.99999999999926
neos-1122047.mps.gz,161.0
graph20-20-1rand.mps.gz,-37.0
supportcase18.mps.gz,47.18666666666667
exp-1-500-5-5.mps.gz,28427.048404552137
markshare_4_0.mps.gz,0.0
nu25-pr12.mps.gz,52757.5
sing326.mps.gz,7717674.801188941
neos-3402454-bohle.mps.gz,0.0
neos-1582420.mps.gz,87.57611839584949
chromaticindex512-7.mps.gz,3.0
nexp-150-20-8-5.mps.gz,18.226804123711325
csched008.mps.gz,171.0
supportcase26.mps.gz,1288.1021611356975
s250r10.mps.gz,-0.17267704190548072
cbs-cta.mps.gz,0.0
bab2.mps.gz,-432165.72655859933
ran14x18-disj-8.mps.gz,3444.4210652361935
snp-02-004-104.mps.gz,548044802.9750702
sing44.mps.gz,8102513.219399847
academictimetablesmall.mps.gz,0.0
rocI-4-11.mps.gz,-11111086.671771595
istanbul-no-cutoff.mps.gz,51.11
cryptanalysiskb128n5obj16.mps.gz,0.0
neos-3004026-krka.mps.gz,0.0
neos-4300652-rahue.mps.gz,0.0
reblock115.mps.gz,-39365983.33734708
uccase12.mps.gz,11507.285323905244
swath3.mps.gz,334.49685810000005
neos-5107597-kakapo.mps.gz,0.0
map10.mps.gz,-602.1761806187845
fastxgemm-n2r6s0t2.mps.gz,27.000000000000007
map16715-04.mps.gz,-296.2678982430187
neos-2657525-crna.mps.gz,0.0
supportcase10.mps.gz,3.3839236661380045
neos-4722843-widden.mps.gz,-1603.5395585661117
rocII-5-11.mps.gz,-11.949729676753922
milo-v12-6-r2-40-1.mps.gz,205532.32226507447
comp21-2idx.mps.gz,0.0
neos-4387871-tavua.mps.gz,10.14384539475923
mc11.mps.gz,608.8443396226415
seymour1.mps.gz,403.8464741251928
neos-3083819-nubu.mps.gz,6290575.552807324
neos-3555904-turama.mps.gz,-41.45
neos-4763324-toguru.mps.gz,1120.9860620869913
supportcase19.mps.gz,12677206.000000054
h80x6320d.mps.gz,5325.160104434895
blp-ar98.mps.gz,5891.226580294853
splice1k1.mps.gz,-1646.777978971274
neos-4413714-turia.mps.gz,43.47465101
square41.mps.gz,8.83961248654336
highschool1-aigio.mps.gz,-1.0381336993751471e-13
supportcase12.mps.gz,-7609.533053738851
traininstance6.mps.gz,0.0
neos-3988577-wolgan.mps.gz,119.0
ns1644855.mps.gz,-1524.3333333333337
proteindesign121hz512p9.mps.gz,1423.9044494651914
neos-3381206-awhea.mps.gz,415.24000000000103
var-smallemery-m6j6.mps.gz,-156.05626812253695
satellites2-40.mps.gz,-30.0
neos-848589.mps.gz,0.0
supportcase42.mps.gz,7.343566027059385
sct2.mps.gz,-231.11696381946666
neos-3046615-murg.mps.gz,192.0
neos-2978193-inde.mps.gz,-2.4185181859999987
lectsched-5-obj.mps.gz,0.0
enlight_hard.mps.gz,0.0
fhnw-binpack4-4.mps.gz,0.0
drayage-100-23.mps.gz,11714.141979217544
roi2alpha3n4.mps.gz,-83.88099327640491
cmflsp50-24-8-8.mps.gz,54633108.509346664
neos-3627168-kasai.mps.gz,945808.0955555557
cod105.mps.gz,-18.285714285714278
supportcase40.mps.gz,22536.483378767967
neos-5104907-jarama.mps.gz,639.9171487026126
neos-2075418-temuka.mps.gz,0.0
nursesched-medium-hint03.mps.gz,33.46848484848511
radiationm40-10-02.mps.gz,155306.70000000004
mik-250-20-75-4.mps.gz,-61651.22709753319
dano3_5.mps.gz,576.2316202745681
proteindesign122trx11p8.mps.gz,1720.4611046623036
square47.mps.gz,8.755813953490206
neos-4338804-snowy.mps.gz,1447.0
neos-911970.mps.gz,23.259999999999998
neos-860300.mps.gz,1666.0685857415322
dano3_3.mps.gz,576.2316202745681
rail01.mps.gz,-92.08729997868731
neos-3754224-navua.mps.gz,55687.62494156349
glass-sc.mps.gz,14.080295856534109
icir97_tension.mps.gz,6302.0
graphdraw-domain.mps.gz,12672.0
tbfp-network.mps.gz,23.261535493778386
k1mushroom.mps.gz,-4165.061224489449
traininstance2.mps.gz,0.0
gfd-schedulen180f7d50m30k18.mps.gz,1.0
sp150x300d.mps.gz,4.891111839947525
supportcase7.mps.gz,-2396.218213128257
neos-4738912-atrato.mps.gz,65143485.99418829
neos-3402294-bobin.mps.gz,0.0
neos-5093327-huahum.mps.gz,3934.0
wachplan.mps.gz,-9.0
b1c1s1.mps.gz,2866.8562499999994
dws008-01.mps.gz,584.5
p200x1188c.mps.gz,5678.607088607595
irish-electricity.mps.gz,2546254.5631088195
bnatt500.mps.gz,0.0
neos-4532248-waihi.mps.gz,0.0
comp07-2idx.mps.gz,0.0
bppc4-08.mps.gz,51.590000000000025
neos-4647030-tutaki.mps.gz,26911.641615553646
sorrell3.mps.gz,-512.0
satellites2-60-fs.mps.gz,-29.999999999999996
leo1.mps.gz,388573315.5096078
fiball.mps.gz,137.06916764361077
supportcase33.mps.gz,-552.5
ns1760995.mps.gz,-1379.1732370467523
neos-2746589-doon.mps.gz,1985.750000000004
neos-1456979.mps.gz,154.0
supportcase6.mps.gz,45090.73216346337
uccase9.mps.gz,10819.582995292061
cryptanalysiskb128n5obj14.mps.gz,0.0
fhnw-binpack4-48.mps.gz,0.0
ns1116954.mps.gz,0.0
bab6.mps.gz,-321641.3587487231
pg.mps.gz,-11824.65738155926
s100.mps.gz,-0.17109675893254553
swath1.mps.gz,334.49685810000005
physiciansched3-3.mps.gz,2432694.7661587866
drayage-25-23.mps.gz,11714.141979217546
neos-5188808-nattai.mps.gz,0.0
cost266-UUE.mps.gz,20161515.663928583
neos-5114902-kasavu.mps.gz,518.0
n5-3.mps.gz,2883.8235294117662
ns1952667.mps.gz,0.0
physiciansched6-2.mps.gz,43012.5
neos-4954672-berkel.mps.gz,1150229.1752941175
piperout-08.mps.gz,99128.92447129909
neos-1171448.mps.gz,-309.0
hypothyroid-k1.mps.gz,-2902.8525855769735
neos-5075914-elvire.mps.gz,277.3418879028853
chromaticindex1024-7.mps.gz,2.9999999999999996
neos-3024952-loue.mps.gz,22882.0
csched007.mps.gz,269.2515873015873
neos-787933.mps.gz,2.9999999999999947
n2seq36q.mps.gz,52000.00000000001
trento1.mps.gz,5182758.848055607
CMS750_4.mps.gz,250.0
peg-solitaire-a3.mps.gz,0.9999999999999984
neos-5049753-cuanza.mps.gz,464.0
neos-3656078-kumeu.mps.gz,-18774.7
gen-ip002.mps.gz,-4840.541961300888
neos17.mps.gz,0.0006814985014984903
gen-ip054.mps.gz,6765.209042644034
roi5alpha10n8.mps.gz,-91.91636036871482
ex10.mps.gz,99.99999999999977
mushroom-best.mps.gz,1.2682926829268287e-05
neos-1445765.mps.gz,-24699.19765976532
